neighbourhood_group,price_count,price_mean,price_median,price_std,price_min,price_max,minimum_nights_mean,minimum_nights_median,number_of_reviews_mean,number_of_reviews_median,reviews_per_month_mean,reviews_per_month_median,availability_365_mean,availability_365_median,calculated_host_listings_count_mean,calculated_host_listings_count_median,active_days_mean,active_days_median,market_share_percent
Bronx,1069,77.44,65.0,47.07,10,325,4.6,2.0,26.31,9.0,1.5,0.94,164.6,146.0,2.22,1.0,200.4,219.0,2.3
Brooklyn,19406,105.75,90.0,60.91,10,333,6.02,3.0,24.51,6.0,1.06,0.39,98.48,26.0,2.29,1.0,266.52,339.0,42.3
Manhattan,19505,145.96,135.0,70.47,10,334,8.55,3.0,21.95,5.0,0.99,0.29,105.89,29.0,12.01,1.0,259.11,336.0,42.5
Queens,5567,88.9,74.0,53.54,10,325,5.07,2.0,27.97,7.0,1.58,0.77,143.02,95.0,4.09,1.0,221.98,270.0,12.1
Staten Island,365,89.24,75.0,57.7,13,300,4.82,2.0,31.61,13.0,1.61,1.0,199.89,219.0,2.33,1.0,165.11,146.0,0.8
